{"cameraMode":{"drawMode":0,"name":"Shaded","section":"Shading Mode"},"sceneLighting":false,"audioPlay":false,"sceneViewState":{"showFog":true,"showMaterialUpdate":false,"showSkybox":false,"showFlares":true,"showImageEffects":true,"showParticleSystems":true,"showVisualEffectGraphs":true,"m_FxEnabled":true},"in2DMode":false,"pivot":{"x":0.44572314620018008,"y":-2.203141212463379,"z":1.2219176292419434},"rotation":{"x":0.43658673763275149,"y":-0.007814262062311173,"z":0.003803990548476577,"w":0.8996437788009644},"size":3.6000213623046877,"orthographic":false}