{"cameraMode":{"drawMode":0,"name":"Shaded","section":"Shading Mode"},"sceneLighting":false,"audioPlay":false,"sceneViewState":{"showFog":true,"showMaterialUpdate":false,"showSkybox":false,"showFlares":true,"showImageEffects":true,"showParticleSystems":true,"showVisualEffectGraphs":true,"m_FxEnabled":true},"in2DMode":false,"pivot":{"x":-1.0414574146270753,"y":-0.9655510187149048,"z":-0.1917860507965088},"rotation":{"x":-0.6521861553192139,"y":0.006320166867226362,"z":-0.005551643669605255,"w":-0.7581409215927124},"size":1.1598076820373536,"orthographic":false}